{
  "rice": {
    "volume_cm3": 22.669931411743164,
    "volume_cups": 0.7665616273880005,
    "uncertainty_cm3": 2.266993284225464,
    "uncertainty_cups": 0.07665616273880005,
    "avg_height_cm": 1.7807475328445435,
    "max_height_cm": 3.5901565551757812
  }
}