{
  "egg": {
    "volume_cm3": 12.1260986328125,
    "volume_cups": 0.4100321829319,
    "uncertainty_cm3": 1.212609887123108,
    "uncertainty_cups": 0.04100321978330612,
    "base_area_cm2": 33.92723480596555,
    "avg_height_cm": 0.31986290216445923,
    "max_height_cm": 0.5055319666862488
  },
  "rice": {
    "volume_cm3": 99.73942565917969,
    "volume_cups": 1.372591257095337,
    "uncertainty_cm3": 9.973942756652832,
    "uncertainty_cups": 0.1372591257095337,
    "base_area_cm2": 87.89793686041217,
    "avg_height_cm": 1.0154988765716553,
    "max_height_cm": 1.7235617637634277
  }
}